0,1,2,3,4,5,6,7,8,9,10,11,12,13,14,15,16,17,18,19,20,21,22,23,24,25,26,27,28,29,30,31,32,33,34,35,36,37,38,39,40,41,42,43,44,45,46,47,48,49,50,51,52,53,54,55,56,57,58,59,60,61,62,63
0.02426386718883327,0.023401027778926987,0.022570786075069085,0.021772247172565845,0.021004581371740362,0.020267031211642948,0.019558920785580493,0.018879668158301964,0.01822880205298592,0.017605984499767455,0.017011041939588332,0.016444008531516764,0.01590518741906377,0.015395239006700995,0.014915310865784251,0.014467233604878076,0.014053824626658676,0.01367937489807472,0.013350459686009335,0.01307735240240838,0.012876631334000632,0.012776327713999485,0.012827018189537654,0.013128617533131723,0.013906090217995657,0.015779037481102723,0.02116867468656344,0.050635855104531786,0.8769514709020607,0.9995587629368403,0.9998387913854256,0.9998735878855223,0.9998730291988347,0.999836644585624,0.9995489291660195,0.8735811163223635,0.04876139577060966,0.020186442030614198,0.014912904556375232,0.013027489164439488,0.012191836673954843,0.01180812654023835,0.011659330304037412,0.011648974346978612,0.011728108756890308,0.01186947832680294,0.012056834528782489,0.012279977452426986,0.012532246353036411,0.012809159072085805,0.013107632067692556,0.013425512187729428,0.013761284470465932,0.014113883663688433,0.014482569127698453,0.0148668397181247,0.0152663745946321,0.015680991258378983,0.016110615290717178,0.01655525819562606,0.017015000954005047,0.017489981668610703,0.017980386181394113,0.018486440879519166
0.024876974211850145,0.024046197560845223,0.02325058775589032,0.022489657524147635,0.021763063243929594,0.021070631820246873,0.02041239606504419,0.01978864177420564,0.019199971123628392,0.018647389195516225,0.018132423865376487,0.017657294743948344,0.01722515582035689,0.01684045153543226,0.016509452232991863,0.016241082150951783,0.016048241614650818,0.015949998791846984,0.01597538593096511,0.016170327266758197,0.01661110588971177,0.017432656898780232,0.01889412006350395,0.021551228006288125,0.026793446530673296,0.038962991250932826,0.0770177170365611,0.2635671610648805,0.8398605343926836,0.9881009991566007,0.9971964568608718,0.9983692938149904,0.9983620976920083,0.9971592223198902,0.9878389150619473,0.8356646228756727,0.25593530085629385,0.07363902859614485,0.0368719348862211,0.025121352253245893,0.020025654530800352,0.017401794248507192,0.01591513281395329,0.015032826576017384,0.014506659453128255,0.014207411557846022,0.014061974537948413,0.014026244076118645,0.014072230968423527,0.014181436572691188,0.014341225689898839,0.014542733911011489,0.014779605963438962,0.01504720601776664,0.01534210718569245,0.015661752103432763,0.016004221635743388,0.01636807378978759,0.01675222933338014,0.01715588915805898,0.017578473640909125,0.018019577520342486,0.018478935887843016,0.018956398260694965
0.025523291648138397,0.024726081044629162,0.023966904883972486,0.023245743739531803,0.022562816151013063,0.021918630421930915,0.021314053087249422,0.020750400490617948,0.02022956288236034,0.019754175042423154,0.019327854682664212,0.018955541595932053,0.01864398993380131,0.01840249910310166,0.018244027054512956,0.01818693606152749,0.01825782302976682,0.018496287915382666,0.018963335346231965,0.019756978671325892,0.021043096319973746,0.023121235017581756,0.026578461006305162,0.03269208077287126,0.04463938896423327,0.07174898803465873,0.14624537911944976,0.3688366931415175,0.7509840721072039,0.9383140590614589,0.978825079257926,0.9872846871029324,0.9872292015627766,0.9785490985873004,0.9370252709045612,0.7451660400421777,0.35964526164902555,0.14029135344905852,0.06802292308541248,0.04190153672935866,0.030402370623104885,0.024494351028319445,0.021119160156536854,0.01905187632444227,0.01773095226561899,0.016870357775906075,0.016311851973206407,0.015961945593331302,0.015762397002674282,0.01567531558200618,0.01567515187523525,0.01574415689373872,0.015869689764951414,0.01604255855205046,0.016255963013871846,0.016504800954245193,0.016785201263886336,0.01709420232130879,0.017429525956637423,0.017789415661500947,0.018172518869230953,0.01857780002116689,0.01900447549803992,0.01945196431678645
0.026199526151018514,0.02543701362382245,0.024715635813874298,0.024035886528370038,0.02339860352555895,0.02280504885908467,0.022257015393949975,0.021756969755284405,0.021308246768430933,0.020915317889656383,0.020584167910971844,0.020322833316821852,0.02014218739615396,0.020057111407223067,0.02008828654988435,0.020265015473093353,0.02062981142043839,0.021246143892290906,0.022212078672818155,0.02368550141036737,0.02593347463371503,0.029435338308878074,0.03511478553478007,0.04490722588454604,0.06326458062565798,0.10133432794289617,0.18718123895572206,0.37100589630737263,0.6380718250431476,0.8337861320355989,0.9159722934874679,0.9418933882981262,0.9416515358185478,0.9149483091361047,0.830707488399508,0.6309122494048002,0.36179139416482736,0.17991181280154822,0.09623111858556457,0.059455487349281584,0.04179895206733428,0.03238358075616256,0.026901579592954094,0.023490602719637366,0.021265354912640002,0.019767763281785207,0.018743148105258144,0.01804114337615818,0.017568400421764215,0.01726447446704196,0.017088811046101698,0.017013368859826617,0.017018255589283098,0.017089048275882975,0.017215093461603822,0.017388397364193498,0.01760288253842348,0.01785387853257439,0.01813776568339778,0.01845172138682852,0.01879353633577618,0.0191614794097783,0.019554196962954094,0.019970636805913877
0.026902142658643272,0.026175036049837425,0.025492318310003606,0.024855023147391905,0.024264640292576266,0.023723225983605035,0.02323354957573378,0.022799290478542584,0.022425306257554033,0.0221180030075359,0.021885855323650276,0.021740149372482632,0.021696065821164488,0.02177429273336463,0.02200348648233613,0.022424128888080135,0.023094757035506862,0.024102368956133494,0.02558046928501411,0.027741701095236476,0.03093963922171403,0.03579175988711558,0.0434368036767148,0.05609739541727625,0.07833001497327836,0.11960905967025436,0.1978436297332642,0.3346539402363332,0.5201497789013859,0.6884286312490986,0.79095058322453,0.8339966764272879,0.8333851752078624,0.7887544179711898,0.6836790659437663,0.5124399523002761,0.3258745352533155,0.19025704161346907,0.11370197401424417,0.0736851998469724,0.0522569667820745,0.04008520849083113,0.03272929905684827,0.02803877269437588,0.024917676448282623,0.022774114799711715,0.021270195541171495,0.020203163510391774,0.019445908524847063,0.01891565145260038,0.01855667488592854,0.018330388554940107,0.01820939374414388,0.018173814956545922,0.018208963193084595,0.018303806615413067,0.01844994499518028,0.01864090677256753,0.018871657614432442,0.019138250620138585,0.01943757325529268,0.019767161522419325,0.020125061635915608,0.020509725765537782
0.027627430825046425,0.02693597530417289,0.026292228768024426,0.025697770174459254,0.025154746210934605,0.024666011150643156,0.02423531220964191,0.02386753814672417,0.023569057023930688,0.023348181614604908,0.02321582062768647,0.023186405353586747,0.023279232629646884,0.023520450647101145,0.0239460605913006,0.024606564260306465,0.025574351818298376,0.02695578516301732,0.028911577132702832,0.03169229138217331,0.03570223999313444,0.041618041513994126,0.05061347444462334,0.06478585972598755,0.08792052609441735,0.12658997642914654,0.1905401873828056,0.2883123201251415,0.4138920849136854,0.538349183512979,0.6297186622115468,0.6749939739038174,0.6740256901685682,0.6266282525918656,0.5328642141982266,0.406423263512772,0.2802365979693722,0.1831697089799757,0.12038527022008161,0.08275807685300787,0.0603886733800619,0.046735180421490934,0.03807675132044266,0.03236975301307342,0.02847788752010413,0.02574943411555842,0.02379649403961386,0.0223794112226072,0.021344816513714934,0.020591356246505713,0.020050089317152648,0.019672899836454608,0.01942543150610935,0.019282653029506068,0.01922599996828247,0.01924148733583283,0.01931843525667867,0.01944859093694987,0.019625512382231498,0.019844128435461936,0.02010041976754942,0.020391184241861888,0.020713862053923747,0.021066403829772453
0.028371580051391197,0.02771553646901164,0.027110495619336886,0.02655856473543195,0.026062523450351587,0.025625989864415,0.025253639910292218,0.024951500409786245,0.02472734537491238,0.024591239019637137,0.02455629043325506,0.024639718616063372,0.024864380558563375,0.025261003018149424,0.02587150480393867,0.02675404394043792,0.027990851280531075,0.029700661634657757,0.03205888424881321,0.03533102330112417,0.03992900479721221,0.04650689230448282,0.05612180701421621,0.07049073042440793,0.09234077320519256,0.1256730067139428,0.17524503787830986,0.24389036734988703,0.3273660346128336,0.41149671957347117,0.4779153457187006,0.5133430329503251,0.5122411583056511,0.4746150211063122,0.406167082327004,0.3206045143140469,0.23664518189798686,0.16834316195309645,0.11950709536179677,0.08694352028643897,0.06573355504216039,0.051844482143462434,0.042568085529551304,0.03621680454119835,0.031759664386643655,0.028562635971473967,0.02622833513243647,0.024501614234196292,0.02321440982890533,0.02225320680715552,0.021539494043133014,0.0210177667458448,0.020647991666884177,0.020400766827716518,0.020254143725316528,0.020191497555469652,0.020200071974872936,0.020269966693025485,0.020393421254890864,0.020564300433164203,0.02077771911769026,0.0210297652135743,0.021317292389390223,0.021637763275295176
0.02913075948989081,0.02850940082278303,0.027942220566714072,0.027431815628793196,0.02698154673019678,0.02659572541969779,0.026279859787857063,0.02604098069217109,0.025888079727365624,0.025832704252451568,0.0258897760990427,0.02607873329624562,0.026425145041712707,0.02696303039038187,0.02773823919835801,0.02881346032408024,0.030275756998372576,0.032248071974451065,0.034907011870962026,0.03851054854486328,0.043441109828130924,0.05027138032094131,0.059859576989690653,0.07347004718385376,0.0928734449940033,0.12027330103654889,0.1577274470791736,0.20568733711342532,0.26093486917400754,0.31564236105057514,0.3594089830367955,0.38320636640092015,0.3821644689804201,0.35636841795094615,0.3108983512517747,0.2550252190282416,0.19927793142634653,0.15138884828017338,0.11433767113844978,0.08744805740614006,0.06852663114221409,0.055314072368363915,0.04602913894150709,0.03941579443236497,0.03462933163347947,0.03111013823451136,0.028486669409376067,0.026509460041193342,0.02500836097339255,0.023865262369433374,0.022996690614370464,0.02234260737233677,0.02185910521975639,0.02151357110808406,0.021281431974136643,0.021143929283368515,0.02108657296935371,0.021098050923524386,0.021169448603093406,0.021293682874874643,0.021465085955510287,0.021679095930830294,0.02193202392283569,0.022220877046104655
0.029901199066682583,0.02931332495555019,0.028782600725295513,0.028312055027599082,0.027905553323873407,0.027567999018098553,0.027305595795326956,0.027126193004657944,0.027039744876131484,0.027058927435331427,0.027199976261853033,0.02748383693109951,0.02793776300558935,0.028597561320538308,0.02951078232673602,0.030741300728151604,0.03237595029204238,0.03453418987097099,0.03738219328059015,0.04115321161508447,0.046176270670688906,0.05291437007998227,0.06200912588107323,0.07431651602597493,0.09089063410587361,0.11282576857499112,0.14082848488433963,0.17445963594805783,0.21129325821528497,0.24666258570352254,0.27459684899916625,0.28967388422855206,0.28876723255716436,0.2719691636810088,0.2425878206839357,0.20619422340734223,0.16881650301182255,0.13506010716845027,0.10721289032323061,0.08557015002676766,0.06932040668945805,0.05731034313324243,0.048460475645487874,0.04190861520460764,0.037015912164663434,0.03332538812258737,0.030514543303690616,0.028356029483840653,0.026688607433408246,0.02539677740104708,0.02439680593698717,0.023627205621224806,0.023042237231299705,0.02260744514588001,0.02229656066690056,0.02208933052717221,0.021969976348455947,0.021926088701313195,0.02194782378456217,0.022027313197978512,0.022158225464185968,0.02233543681911757,0.022554781535806312,0.022812860744401878
0.03067926757795535,0.030123235739499207,0.029627044844797917,0.029194081652627126,0.02882862065131939,0.02853603162638212,0.02832304790408251,0.028198115808071727,0.028171853713526394,0.02825766021551824,0.028472526788971997,0.02883813296381461,0.029382334332544183,0.030141199446659526,0.031161815413802755,0.03250616804213428,0.03425651114320999,0.036522758344200046,0.03945251076639818,0.04324423979024525,0.048163550920562945,0.05456066986732246,0.06288304133595472,0.07366842305634513,0.08749016716078203,0.10481220735265241,0.1257157303125583,0.14951849279036677,0.17443920942826188,0.1975832307377552,0.21545963663868326,0.22492616210989788,0.22415821288414117,0.21323150464491647,0.1941103275427947,0.17003781288795855,0.14454086306554856,0.12047957151198992,0.09955325409723889,0.08235070584614747,0.06871264921840184,0.058122140447419424,0.04997551563928314,0.043720647856347716,0.03890525045510604,0.035179240660326835,0.032279388764602644,0.030010334566059373,0.028227584316306217,0.026824006876173083,0.02571969942557494,0.024854590903707466,0.024183111002545717,0.02367036221851512,0.023289366842913717,0.023019077461255134,0.0228429294130673,0.022747779171994904,0.0227231190548554,0.022760491171638794,0.022853046159710674,0.022995208002228575,0.023182417234641668,0.023410932566324046
0.03146154424376952,0.030935316480148904,0.030471277525546864,0.03007308743116374,0.029745320908640113,0.02949367354063933,0.02932522531934208,0.029248779652861594,0.02927530229281224,0.029418493248304537,0.029695536453969176,0.03012808771624494,0.030743582305311993,0.03157697024736236,0.03267301950129053,0.034089361159792726,0.03590047531615476,0.0382028032320738,0.041121058674379325,0.04481547200712808,0.04948889950341865,0.05539108464043226,0.06281438571412239,0.07207075909170924,0.08343480031828115,0.09703658998053398,0.1127002067324164,0.12975912594833963,0.14693337522834812,0.16238640624024234,0.1740349282028619,0.1800557528871652,0.17940554093448083,0.17214118657609714,0.15940925237052805,0.14310569372412701,0.125342359723464,0.10793922614297606,0.09212762722599634,0.07851306752057416,0.06721466371966045,0.058058360736209305,0.050739889536870295,0.044929509066152,0.04032547499090251,0.036673961237815376,0.03377108070415758,0.03145716295120837,0.029608768970006485,0.028130955358891135,0.026950705535069227,0.02601169551884803,0.02527026067862721,0.024692342197024066,0.024251194491766968,0.02392566845900347,0.023698924590863563,0.023557465067474623,0.023490402199245697,0.023488902274926383,0.02354576004693638,0.023655070980218244,0.02381197707517316,0.024012468399711544
0.032244880705350344,0.03174608043434936,0.0313114265859963,0.030944761478509,0.03065084488431435,0.030435551670973927,0.030306121101535324,0.03027147279056599,0.030342608896271044,0.03053312803833568,0.0308598838992622,0.0313438305874803,0.032011107307903,0.03289442546015807,0.034034828735148036,0.03548389388219707,0.03730641174308096,0.039583506370983686,0.04241596313899068,0.04592715925235645,0.05026429714363375,0.055595492344326286,0.062098613350160155,0.06993593167325056,0.07920780997595755,0.08988141298081367,0.10170030606467172,0.11409930469426655,0.12616971194154647,0.1367258588960305,0.1444962847134491,0.14840451213198058,0.14784798858333195,0.14286836780470363,0.1341438161469463,0.12280506648738815,0.1101481035793956,0.09735302774760766,0.08530022753340365,0.07451515159941702,0.06521357087846881,0.057393464541675675,0.050928058499478956,0.04563689957194874,0.041330603219845954,0.037834351865481196,0.034997443292750195,0.03269499121270326,0.030825858516022642,0.02930918768894558,0.028080740399588838,0.027089582447132443,0.02629529287579642,0.02566570584864185,0.025175124203333562,0.024802923690837864,0.02453246925648018,0.02435027546518429,0.024245355766364426,0.02420871697907841,0.024232965221421644,0.02431199739776378,0.024440758506749212,0.024615049749237596
0.033026451244631,0.032552428991222085,0.03214409030812922,0.03180536747750858,0.03154109033581198,0.03135716925102292,0.0312608224437894,0.03126085914660558,0.03136803297726713,0.03159548327153121,0.03195928580589474,0.03247913786603313,0.03317920490007719,0.03408915484119034,0.03524539739383941,0.03669252152355585,0.0384848718529835,0.04068810200921794,0.04338035746547396,0.04665242868922875,0.05060573425927953,0.05534633603806325,0.06097246658897415,0.06755263783991869,0.07509209747306049,0.0834884053734843,0.09248321635762748,0.10162627209692172,0.11027493522409451,0.11765096291046562,0.12295988082771314,0.12555051993992677,0.12506711328682374,0.12154012587329646,0.11538100003740262,0.10728212538153663,0.09805919548056946,0.088491119362028,0.07920470914488681,0.07062457196018657,0.06298030927860986,0.056347518475218385,0.05069869680572936,0.045948424278706865,0.041986479478306186,0.0386987858034062,0.03597885697536732,0.033732886904580116,0.03188107170517201,0.03035695456879471,0.02910589794808765,0.028083301926335957,0.027252881499467578,0.026585138155372355,0.02605606603939173,0.025646086430408624,0.025339184546247,0.025122216924990212,0.02498435850499872,0.024916662148441484,0.024911707746648748,0.02496332228902407,0.025066355999929697,0.025216502752467358
0.0338037898953027,0.03335169303310274,0.03296638297305476,0.032651792875436354,0.03241271358012238,0.03225495729070123,0.03218555737454967,0.03221301227438632,0.032347582905361216,0.03260165414412247,0.03299017169784182,0.03353116501162351,0.03424636356968081,0.03516190561919919,0.036309121089191154,0.03772533806097084,0.039454605168743065,0.041548127681259976,0.044064066938645306,0.047066137680181586,0.05062015738454183,0.05478740069103772,0.05961342299208625,0.06511121330799581,0.07123854233047439,0.07787163244357749,0.08478086500121806,0.09161823199205199,0.09792830986580199,0.10319163068520158,0.1068998669551038,0.10864861428219236,0.10822223096885965,0.10564321213117164,0.10116865954329782,0.09523471503838316,0.08836788347111289,0.08109153630139113,0.07385290401960275,0.066983676335785,0.0606933774736295,0.05508551513606527,0.05018420391073494,0.04596158428580061,0.04236064984205614,0.03931174209292647,0.03674315570723722,0.03458718796543756,0.032783065145565664,0.031277925812913415,0.03002670564621896,0.028991473455937496,0.028140549346583506,0.027447589450499243,0.026890730368886805,0.026451832972576528,0.02611583580200002,0.0258702133961522,0.02570452829111506,0.025610063368270774,0.025579521471516167,0.025606780492178224,0.025686693759483497,0.025814927227362693
0.034574814008418664,0.034141657190660715,0.03377595870889647,0.033481570488731426,0.03326314588454997,0.03312628104987094,0.03307768397895257,0.033125376008915464,0.03327893074974935,0.03354975503315242,0.03395141504639703,0.03450000753175349,0.035214569486497614,0.03611750818241579,0.03723501354701533,0.038597382807069536,0.0402391373706619,0.04219873827319115,0.04451760490840932,0.04723801489278475,0.0503993302613142,0.05403190855392793,0.05814811878688736,0.06273025172769603,0.06771597790079324,0.07298346974555317,0.0783401865062546,0.08352094112119841,0.08820104149167303,0.09202781568845071,0.09466842499703416,0.09586505712430754,0.09548346780423671,0.0935404964488656,0.09020168756030182,0.08574956931515328,0.0805323932263034,0.07490819114576067,0.06919807487168152,0.06365708395392361,0.058463862986367805,0.053725148913569255,0.04948886423092262,0.045760100327846255,0.042516110109252915,0.039718398184196216,0.037321454137451825,0.0352784890734045,0.033544848697897284,0.032079792228934846,0.030847209730924946,0.029815700885378677,0.028958303433465466,0.028252055356347366,0.027677501381411798,0.027218205805339582,0.026860303111870525,0.026592099614321935,0.026403729016132305,0.026286859341824474,0.02623444616365519,0.02624052618255751,0.026300045248987568,0.026408715375404474
0.03533783465107608,0.03492056776765534,0.034571015053349884,0.034292874895953764,0.03409057855041243,0.03396940774835647,0.03393563190161437,0.033996666968537995,0.034161257371410125,0.0344396809134978,0.03484397396871103,0.03538816958858195,0.036088533545695564,0.036963771248357785,0.038035159992300886,0.03932653385859651,0.04086401044980618,0.0426752983840015,0.04478836408767952,0.0472291750623515,0.05001819634521633,0.05316533859725249,0.056663204281017295,0.060478831740295495,0.06454475720231641,0.06875107969607896,0.07294112962606825,0.0769138874381976,0.08043590244549373,0.08326367994819386,0.08517443473410045,0.08599965741278255,0.08565361698584456,0.08414910851506036,0.08159583201047309,0.07818174979859588,0.07414262752950451,0.06972776655243955,0.06516977163434225,0.06066357747723796,0.056356358814456796,0.052346905203343286,0.04869140575371061,0.04541237180584406,0.04250811448326507,0.03996118903095067,0.03774510455906474,0.03582920408531022,0.03418194489218241,0.03277292870708031,0.03157403044373588,0.030559918658917214,0.02970819060081222,0.02899927983362296,0.02841624237781446,0.027944488936447024,0.02757150410177412,0.027286575719879094,0.027080546289554388,0.026945591348317307,0.02687502575385481,0.026863136556819937,0.026905040078031503,0.026996560391910344
0.036091554893322886,0.03568712595824006,0.035350278685615834,0.035084497287822376,0.03489392212445694,0.03478344350511755,0.03475880780926106,0.03482673585413446,0.034995052230167745,0.0352728223079221,0.035670490404748935,0.03620000763394098,0.03687493051811105,0.037710460631991675,0.03872338035137112,0.039931819359111685,0.041354760664466785,0.0430111648784138,0.04491856185818476,0.04709093948754192,0.04953576813370074,0.05225006353924861,0.05521554513749123,0.05839322251014993,0.06171814577318545,0.06509553226697584,0.06839988636869355,0.07147882362134532,0.07416283274682685,0.07628102117102228,0.07768114849125785,0.07825048261732286,0.07793296422451106,0.07673845954807021,0.0747416387538822,0.0720706997960442,0.06888877829353945,0.0653724766428436,0.06169203036361859,0.05799639699899953,0.05440468061777955,0.051003558717826254,0.04784925992485423,0.044972264010449486,0.04238308234515673,0.0400779431780777,0.038043711030105135,0.03626177552017486,0.03471090959308959,0.03336923549811505,0.03221548608620022,0.0312297460449979,0.03039383029637158,0.029691422210964238,0.029108061598716043,0.028631045330267675,0.028249282681617475,0.027953132432762675,0.0277342382704404,0.027585372003183877,0.027500289518119097,0.02747360153315702,0.027500659466195874,0.02757745575907167
0.03683505754057929,0.036440468573247384,0.036112976465893176,0.035855803197414486,0.035672745944352394,0.03556824817251607,0.035547476840930514,0.035616404107944054,0.03578189046554542,0.0360517640247057,0.03643488744038133,0.0369411993335705,0.03758171061283721,0.038368427384630206,0.03931416085369314,0.04043217080002014,0.041735573723613945,0.04323643189659619,0.04494443008662057,0.04686505079279742,0.04899718875750715,0.051330217023086676,0.05384064553038984,0.056488706642986136,0.05921544611169499,0.061941142481581224,0.06456602778332264,0.0669742108761094,0.06904129951854468,0.07064545367035616,0.0716806130051723,0.07206972506579958,0.07177533351785871,0.07080515254901926,0.06921127804894259,0.06708317654128991,0.06453604600161222,0.061697068417186314,0.05869221308878976,0.05563566722918978,0.05262298234277834,0.049728019724649714,0.047003045907859566,0.04448097946286328,0.042178776994702974,0.040101140780626945,0.038244001162638076,0.03659748051121816,0.035148237273655444,0.03388120994844141,0.03278084334957258,0.03183190126109484,0.031019967260014106,0.030331721523972212,0.029755063728222717,0.029279134993826384,0.02889427720993991,0.02859195645572798,0.028364668520462277,0.0282058382026145,0.02810971963736564,0.02807130187990422,0.02808622196705864,0.02815068638937302
0.03756778418528677,0.03718013882657279,0.03685879524476517,0.03660667779198361,0.03642720431819396,0.03632433649039559,0.03630263121505425,0.03636729056244333,0.03652420608904173,0.03677999133744046,0.037141993375626695,0.03761827031492609,0.03821751663017965,0.03894891169364636,0.03982185933228903,0.04084557794874967,0.04202849305443121,0.04337737932225449,0.04489620142060422,0.04658461774886073,0.04843614622065032,0.05043605424442654,0.05255913112245317,0.05476762737479269,0.05700978448659097,0.059219492576468295,0.061317645253023655,0.06321564640849944,0.0648212193547469,0.06604618702893542,0.06681532728690658,0.06707492867457074,0.06679947119938107,0.0659950639470189,0.06469888113707345,0.06297468836633462,0.0609053785086269,0.058583986466134004,0.05610478070212921,0.053555754892301376,0.05101331463517407,0.0485393721541149,0.046180592266514706,0.043969258876024354,0.04192515240286505,0.04005789133253194,0.03836932632791549,0.03685572531332031,0.03550961704669367,0.03432125447259608,0.03327971745721686,0.03237370433866157,0.031592071954370624,0.03092418232400663,0.030360106821952355,0.029890729264258946,0.029507780024961138,0.029203825130139482,0.02897222761302935,0.028807093234938966,0.028703208797798058,0.028655978452456737,0.028661361405188036,0.028715813037702136
0.03828950759153212,0.03790604983165192,0.037587833916369884,0.03733746325697345,0.03715795520545005,0.0370527730856995,0.037025855516984146,0.037081639903074,0.03722507556515441,0.037461620135165546,0.037797210401062424,0.03823819572738125,0.03879121844113501,0.03946302127363296,0.04026015740514449,0.04118857456037666,0.04225304218924211,0.04345639202827222,0.04479855014412132,0.0462753565906941,0.047877201042251266,0.04958755224525459,0.05138152583165807,0.05322471288629479,0.055072565577464795,0.05687068080250022,0.05855630554652148,0.06006127789032188,0.06131640199252773,0.06225695428380838,0.06282869408696132,0.0629935004811716,0.06273367716491797,0.062054118429736356,0.06098189951670219,0.05956335204875771,0.057859168942510586,0.05593841642141818,0.053872432930385766,0.05172946698841446,0.049570620013036804,0.047447320576917626,0.04540025838877593,0.04345950660042852,0.041645472869791325,0.039970323198332686,0.03843958332813269,0.03705370645061414,0.03580947835414382,0.03470119832606548,0.03372162170148176,0.032862679238452125,0.032116003454803775,0.03147329716048519,0.030926578537612905,0.030468333142544577,0.03009159804122901,0.029789998071978362,0.029557749540289995,0.029389642719958354,0.029281011393490448,0.029227695240842406,0.029225999065934885,0.029272651515811772
0.039000299414235676,0.03861844336263804,0.038300550956883034,0.03804889235299178,0.037866076481258816,0.03775506755194529,0.03771919615451873,0.03776216166419548,0.037888021466830166,0.03810116098915791,0.03840623664508751,0.03880808158608628,0.03931156165179996,0.039921366355399585,0.040641717499123986,0.041475976771574566,0.042426134472847495,0.0434921658227001,0.04467125101198588,0.04595687233345789,0.04733782812831877,0.048797239420939116,0.05031166892904943,0.051850517513279966,0.05337589884285757,0.054843203160449924,0.05620252779872719,0.057401062027191814,0.05838636575096085,0.05911029404135654,0.05953313246312532,0.05962737581135072,0.059380556568890984,0.05879663672948718,0.057895705699643155,0.05671202509389866,0.055290750833652015,0.05368386894297771,0.05194595752802984,0.05013032987388406,0.04828595714724995,0.046455369367112524,0.04467354462555905,0.042967656384522226,0.041357471417398706,0.039856171443674954,0.038471393329695396,0.03720632675803785,0.036060758396197184,0.035031997209155,0.03411565145773738,0.03330625293434585,0.032597739310119646,0.031983813307763426,0.0314582000916627,0.031014823758762224,0.030647921600684892,0.030352111890929442,0.030122427944058092,0.029954328429785532,0.02984369155224049,0.02978679876013049,0.029780312113052116,0.029821248240666617
0.0397004951229993,0.03931784619582642,0.03899771028998116,0.0387420215910723,0.03855298389211572,0.03843307439282356,0.0383850403648769,0.03841188550174227,0.03851684179904768,0.038703321643317044,0.03897484343665635,0.039334922608717855,0.039786918389810334,0.04033382546964625,0.04097799902128004,0.04172080209609288,0.04256216687989031,0.04350006673766229,0.04452990547659005,0.045643844824005644,0.046830111228915144,0.048072348102893576,0.0493491070044589,0.05063359601501446,0.05189381795207782,0.05309322556416419,0.05419198628742639,0.05514888037209769,0.0559237562679213,0.05648035035978822,0.05678916959301889,0.05683006603529966,0.05659412900863488,0.05608459557759387,0.05531662456772433,0.05431596200546676,0.05311670322635651,0.051758486630754816,0.05028350907470226,0.04873372874544172,0.04714853505380956,0.045563046428114935,0.04400707740768681,0.0425047200331115,0.04107442318750476,0.039729427831586395,0.03847841884784602,0.03732627509977032,0.03627482834946167,0.035323571310563774,0.03447028077426737,0.033711541459238166,0.03304316983337752,0.03246054547693884,0.03195886183568473,0.031533309686068704,0.031179206346122798,0.030892082404093562,0.03066773604550049,0.03050226328169844,0.030392070714995806,0.030333876012136406,0.030324700031335,0.030361853553314378
0.04039065778569972,0.040005026015702994,0.03968032782659895,0.039418166751885385,0.03922035378625885,0.03908890118608983,0.039026008211157266,0.03903403590447379,0.039115467267583845,0.03927284835334237,0.03950870490623735,0.03982542831085169,0.04022512389920533,0.04070941433420329,0.04127919114695294,0.041934308993306205,0.04267322035296167,0.04349255383376881,0.0443866475387518,0.045347060451693476,0.04636209933338052,0.047416415151846296,0.04849073931249039,0.049561842176322,0.05060279955243004,0.05158364153992773,0.05247242784038655,0.053236743173894645,0.053845539636231586,0.05427117996188301,0.054491472340723726,0.054491451320063805,0.054264664737071866,0.05381377904024814,0.05315040797988467,0.052294184023935875,0.05127120279704786,0.050112054010193696,0.04884969158076893,0.04751738714781106,0.046146963268799884,0.04476743150504102,0.043404084688232855,0.04207802705625451,0.04080607962258752,0.03960097350568497,0.03847173835003129,0.037424201050853076,0.03646152580483072,0.03558474497884709,0.034793247873629474,0.03408520917789045,0.033457950032330284,0.032908232251860445,0.03243249093084403,0.03202701307824463,0.031688070774986594,0.031412017183980574,0.031195353007815976,0.03103476998472421,0.030927176938120627,0.030869712866515842,0.03085975064029618,0.030894894084495854
0.04107154210269429,0.04068094849340522,0.04034962049974101,0.0400788427516775,0.03987005272824291,0.039724827039323084,0.03964485935347221,0.03963192744481372,0.03968784630657962,0.03981440373031929,0.04001327422896749,0.04028590677257851,0.040633381635667175,0.04105623190791791,0.041554226140939975,0.04212611049799337,0.04276931198563421,0.043479609209735356,0.044250783845281354,0.04507427463053012,0.04593886575846552,0.04683045198723749,0.04773193180011427,0.04862328491230593,0.04948188823021235,0.05028311200743258,0.05100121348547608,0.05161050908070578,0.05208676173632445,0.052408674459572764,0.05255934400183809,0.05252751028555825,0.05230844518578241,0.05190436086979561,0.05132427830977947,0.050583369600300555,0.04970185849326294,0.04870361778419118,0.047614630030620796,0.04646147664355961,0.04526999371391267,0.04406418998614749,0.0428654739286629,0.04169219242104308,0.04055944956621171,0.039479153173621516,0.038460227977972425,0.03750893604124226,0.03662925261102959,0.035823256706697296,0.03509150731494305,0.03443338662303481,0.033847400337851524,0.03333143158238896,0.032882949268951966,0.03249917455941848,0.03217721043969704,0.03191413993907969,0.03170709843535867,0.0315533250490753,0.03145019752081382,0.031395254301212254,0.03138620693656592,0.03142094524354372
0.04174405979882881,0.041346736761645304,0.04100695910425553,0.04072570918930428,0.040504075249813754,0.040343232335530506,0.04024441507638,0.040208880152220725,0.04023785601535322,0.04033247709533324,0.04049369947674515,0.040722194957162124,0.04101822057288284,0.04138146126701928,0.0418108445441796,0.04230432790726397,0.04285866280169543,0.043469142850515216,0.04412934938306431,0.04483091346296218,0.04556332031308707,0.04631378830984129,0.047067259218896054,0.04780653733546785,0.048512610805563364,0.04916517707831064,0.04974337551737191,0.05022670455896846,0.0505960712855299,0.050834892656950924,0.05093014591401382,0.05087325674589301,0.05066072179584735,0.05029438773596687,0.04978134917056936,0.04913347510247889,0.04836661969308888,0.047499608960641676,0.04655311483101863,0.04554852945180441,0.04450693784743261,0.04344826083317733,0.04239060899123367,0.04134985846091936,0.040339434725160064,0.03937027377617978,0.03845092130764921,0.03758772875953074,0.036785108237225625,0.03604581450006163,0.03537122959908554,0.034761633043579605,0.03421644679085169,0.03373444950924675,0.03331395839070863,0.032952979405506594,0.03264932850887502,0.032400727162968,0.03220487584762732,0.032059509184421194,0.03196243603331839,0.03191156754419698,0.03190493572712184,0.03194070469116317
0.042409247200872975,0.0420036341477095,0.04165382578917241,0.04136052233019616,0.04112449028207418,0.040946539928173924,0.04082749510063422,0.04076815357168419,0.04076923616775718,0.04083132257398878,0.04095477175881982,0.04113962507884368,0.04138549050791343,0.041691407175897366,0.04205569061885369,0.042475760951949916,0.04294795867484881,0.04346735604384862,0.04402757582588286,0.04462063355143859,0.04523682364971911,0.045864673365617524,0.04649099016457848,0.04710102731389589,0.04767878741128686,0.0482074740702289,0.04867008771103265,0.04905014340465595,0.04933246910829231,0.04950402460151038,0.04955466871113885,0.04947779845313229,0.04927079071939112,0.048935195232145505,0.04847665440933091,0.04790455718333283,0.04723146422299515,0.046472366154614315,0.04564385045851277,0.04476325521373441,0.04384787967847112,0.042914305646191905,0.04197786341775567,0.041052255881410135,0.04014933660700882,0.03927902484791425,0.038449332484292796,0.03766647483477076,0.03693503790650574,0.03625817781368712,0.03563783259483628,0.03507493154960357,0.0345695918349352,0.03412129602434608,0.033729047481550464,0.033391502725689255,0.033107081557688094,0.03287405670723292,0.03269062528823692,0.03255496454733128,0.03246527436388425,0.03241980879671095,0.032416898734976475,0.032454967442744766
0.043068235569516784,0.04265297070376853,0.042291776655580385,0.04198509381110555,0.04173339626622261,0.04153716733547212,0.041396868068967106,0.041312897466591544,0.04128554299567199,0.041314920004162856,0.041400898716756805,0.0415430177581383,0.041740383628723905,0.04199155633457072,0.04229442251680602,0.042646058998039055,0.043042591694898526,0.04347905731216501,0.04394927802207204,0.04444576220839538,0.04495964693841149,0.04548069958418443,0.045997396294542255,0.04649709312857708,0.04696630101063766,0.047391067956910504,0.04775746145143995,0.04805213126729039,0.04826291998807286,0.04837947709807234,0.04839382510159759,0.048300824732977025,0.048098492102428225,0.047788133474030006,0.047374281733446356,0.04686443970319368,0.046268655888914684,0.04559897470468334,0.044868813305072267,0.044092319774305395,0.043283762981494896,0.042456994507124826,0.041625009979597546,0.04079962334612696,0.03999125507608069,0.03920882541955793,0.038459737230924926,0.03774992947575539,0.0370839818773862,0.03646525250395129,0.0358960326871324,0.03537770682984735,0.03491090788914947,0.03449566227280006,0.03413152037744483,0.0338176709564745,0.03355303895085263,0.0333363674078758,0.033166284733414826,0.033041358858309784,0.032960140027615575,0.032921193908260475,0.03292312660848881,0.03296460305020677
0.04372222452835434,0.04329613380167147,0.042922409593952625,0.0426012559864184,0.04233288454388081,0.04211748907735613,0.041955214219875685,0.041846116846135664,0.04179011936447737,0.04178695398011572,0.041836097203833814,0.04193669419932658,0.04208747306864458,0.04228664991351219,0.04253182651990918,0.04281988381763854,0.04314687585903239,0.04350793088703772,0.043897168001167414,0.044307639774722934,0.044731312630634595,0.045159097464939214,0.04558094248556133,0.04598599809522925,0.04636285959026001,0.04669988740220567,0.046985596852608745,0.04720910061629715,0.04736057840049596,0.047431741142559,0.04741625276380465,0.04731007239002919,0.047111684581141886,0.04682219430892594,0.04644527611246007,0.04598698125248173,0.04545542061272163,0.044860352473306025,0.04421271154136096,0.04352411801388559,0.04280640311436,0.04207118140369518,0.041329491618933525,0.04059151838052097,0.039866398203560596,0.0391621058478563,0.03848541168722777,0.03784189758500983,0.037236017518750573,0.03667118949626325,0.03614990666789145,0.03567385750752861,0.035244047127218577,0.03486091392900977,0.03452443770675312,0.034234236899696936,0.033989653943727306,0.033789828582569494,0.033633759632170454,0.03352035608906267,0.033448478690826546,0.03341697312206546,0.03342469605331497,0.033470535135486215
0.0443724587427741,0.04393454284109533,0.04354733725085477,0.04321083357536127,0.04292501036492536,0.04268980806044504,0.04250509859200498,0.042370648953194166,0.04228607812430527,0.04225080683941369,0.04226399990792778,0.04232450113791592,0.042430761394580276,0.042580760988056764,0.042771928437134295,0.04300105869985724,0.0432642351721132,0.043556761067207496,0.043873107090549056,0.04420688344583267,0.04455084492958032,0.04489693792526419,0.04523639722103406,0.04555989850878153,0.04585776904224119,0.04612025427753785,0.046337832665570566,0.04650156465019589,0.04660345612637964,0.04663681205210067,0.04659655350164321,0.04647947190763695,0.04628439788521664,0.04601226866520827,0.04566608704466239,0.04525077471659082,0.044772932469642326,0.044240527709164895,0.04366253501589867,0.04304855749865629,0.042408455544419396,0.04175200575016632,0.04108860719619725,0.04042704578031216,0.039775321000585895,0.039140534070313655,0.038528832014977664,0.03794539960392232,0.03739448954654778,0.036879481117671274,0.03640295797554337,0.03596679709283368,0.03557226216236823,0.03522009634918372,0.03491061068652228,0.03464376566347416,0.03441924458271615,0.034236518070538895,0.03409489971369735,0.033993593206953845,0.03393173165503442,0.03390840981651229,0.03392271013514641,0.03397372340208869
0.045020207850610096,0.044569627953878116,0.04416816484004654,0.04381562109657887,0.04351177069765188,0.04325633480973212,0.04304895307932738,0.042889149961547225,0.04277629573415258,0.04270956199008571,0.04268787162949699,0.042709843698108964,0.042773733858988174,0.04287737185130029,0.043018097985024144,0.043192701532456336,0.043397364771523984,0.04362761734994086,0.04387830647705292,0.0441435890807124,0.044416952328244455,0.0446912686253926,0.044958890204605154,0.04521178656628087,0.04544172530041974,0.04564049327496793,0.045800151072053624,0.045913309290084366,0.045973411450958,0.04597500536893583,0.04591398352860547,0.04578777370709874,0.045595463919019925,0.045337850585790124,0.04501740512046098,0.04463816109317314,0.04420553088716092,0.043726066391636294,0.04320718212315235,0.04265686084897225,0.042083361286413094,0.04149494507476022,0.040899636494393106,0.04030502398086573,0.039718107973711,0.039145195563476905,0.038591839103029046,0.03806281359925029,0.037562126310238836,0.0370930514357954,0.03665818293132258,0.03625949909779233,0.03589843351169361,0.03557594789642292,0.03529260357675006,0.03504862911694929,0.03484398257238355,0.03467840746323894,0.03455148210724704,0.03446266233791952,0.0344113179052713,0.034396763028983944,0.03441828167087327,0.03447514813371895
0.04566674953204793,0.045202812468804685,0.044786472397854535,0.044417365476717895,0.044095087958918006,0.04381917333530945,0.04358906573580022,0.04340408933891664,0.04326341364032885,0.043166014588456564,0.043110631817362605,0.04309572250528286,0.043119412769637884,0.04317944797919651,0.04327314391550666,0.04339734133039306,0.04354836708905622,0.04372200570355333,0.043913485571423584,0.0441174845402189,0.04432815940699321,0.04453920351562068,0.04474393563281075,0.044935421703931853,0.04510662891635069,0.045250608825038695,0.04536070332121707,0.045430764250296525,0.045455374887765125,0.04543005966662999,0.04535146788368754,0.04521751784612263,0.04502749012707898,0.044782062133898175,0.044483280696349846,0.04413447432863185,0.04374011160144721,0.043305616095962826,0.042837151240483144,0.042341389690192424,0.04182528176399189,0.04129583597515735,0.040759922217157955,0.04022410510871411,0.039694511785167315,0.03917673541049899,0.038675773140870416,0.03819599534716618,0.03774114164418669,0.03731433863589637,0.03691813417078391,0.03655454318207421,0.03622510073306518,0.03593091857953408,0.0356727423022807,0.0354510067822792,0.035265888441980586,0.03511735323342603,0.03500519980764228,0.03492909765238032,0.03488862024589355,0.03488327345616882,0.034912519532130565,0.034975797099765234
0.046313355524957286,0.04583549882346627,0.045403801016767546,0.0450177531769428,0.044676798778108665,0.044380312478033326,0.04412757586860044,0.04391775008750591,0.04374984529332641,0.04362268715983144,0.04353488075044337,0.043484772395862466,0.04347041051974464,0.04348950673648913,0.043539398971699735,0.043617018809658896,0.043718865720665856,0.04384099121776578,0.043978996276572244,0.044128045451309314,0.04428290095676058,0.044437979485240975,0.0445874336329756,0.04472525849770589,0.044845422305012476,0.04494201791374098,0.04500942989854302,0.04504250982988147,0.045036750630993445,0.044988449757030924,0.04489485064692927,0.044754252592930706,0.04456608088331915,0.044330911685254465,0.04405044939358223,0.04372745772015673,0.04336564922847579,0.042969540938268186,0.042544285721295816,0.04209549029616361,0.04162903066654316,0.04115087493411391,0.04066692176396698,0.04018286065885966,0.03970405789623917,0.03923546975620731,0.03878158271869812,0.03834637876040481,0.03793332279020176,0.03754536861822479,0.03718497960610452,0.03685416021564156,0.036554494972452035,0.036287191804934116,0.03605312723390551,0.03585289141665924,0.035686831549701516,0.03555509258096621,0.03545765456134975,0.035394366273042904,0.03536497501106432,0.035369152571423895,0.03540651762335596,0.035476654723592724
0.04696128033884789,0.04646905756578579,0.04602164256385026,0.0456184011809797,0.04525864694877575,0.044941621674776985,0.04466647363167334,0.044432233343153237,0.044237787074019395,0.04408184827523226,0.04396292741668041,0.04387930086391151,0.0438289797189016,0.04380967984375893,0.0438187946084792,0.043853372230199736,0.043910099873645164,0.0439852969231045,0.04407491996938156,0.044174582029106256,0.044279588276272125,0.04438499007132571,0.0444856582922364,0.044576375902154075,0.04465194836356292,0.044707329006752235,0.04473775490300832,0.04473888734007672,0.04470694983108873,0.044638855888246017,0.04453231870784308,0.04438593553181113,0.044199240777299635,0.04397272396965519,0.04370781089601707,0.043406808970109206,0.04307282028578118,0.04270962797058027,0.042321563015735225,0.04191335962186496,0.041490007223530315,0.04105660679717929,0.04061823794848176,0.04017984179628959,0.03974612301705171,0.03932147276802769,0.03890991271823148,0.03851505918462844,0.03814010545090486,0.03778781974661292,0.03746055606119931,0.037160274913560276,0.03688857133553108,0.03664670759762187,0.03643564855289345,0.03625609785469807,0.03610853368135089,0.035993242951529614,0.03591035332362434,0.03585986253331146,0.035841664834966286,0.03585557447671842,0.0359013462609221,0.03597869332768284
0.04761175239094902,0.04710481907019884,0.04664143239199032,0.04622085121752766,0.04584227978961038,0.045504850202751954,0.045207603014801,0.04494946607586794,0.044729231751458196,0.0445455328449407,0.0443968176815392,0.04428132500174672,0.04419705952348654,0.044141769262711746,0.044112925939882225,0.0441077100276287,0.044123002189507377,0.0441553829917672,0.044201142805526394,0.044256303719650426,0.044316655020867166,0.04437780334065942,0.044435237905669764,0.044484410467929086,0.04452082846787947,0.04454015886130094,0.044538338914016457,0.04451168925135405,0.04445702366916989,0.04437174979018138,0.044253954678571385,0.04410247005864701,0.04391691281347512,0.04369769789722274,0.04344602255216275,0.04316382260636806,0.04285370344954535,0.042518849858451224,0.04216292001996953,0.041789929783208696,0.041404133330042794,0.04100990611787693,0.04061163520325248,0.04021362101953651,0.0398199934903854,0.039434644142348894,0.039061174744459325,0.03870286203030391,0.03836263729667577,0.03804307913945675,0.03774641727354299,0.037474545262905314,0.037229040022229716,0.03701118610207484,0.036822002995476846,0.0366622739705777,0.036532575212933356,0.036433304331650616,0.03636470753121821,0.03632690496752128,0.03631991398843908,0.03634367010645892,0.036398045665058096,0.03648286624578006
0.04826596727655769,0.04774406759567761,0.047264544573656884,0.04682656663814517,0.04642924721952226,0.04607162908933942,0.04575266730323801,0.045471210875153774,0.04522598340099661,0.04501556296170493,0.04483836176774811,0.04469260615818939,0.04457631773335249,0.04448729657392696,0.04442310767033318,0.044381071839620784,0.04435826252429679,0.044351509925945456,0.044357413901732604,0.04437236691930652,0.04439258810374768,0.044414169004732613,0.04443313116012381,0.04444549484668209,0.04444735762137195,0.04443498041977475,0.04440487816180234,0.04435391110275116,0.04427937264766133,0.0441790690997431,0.04405138690022103,0.043895343366643226,0.043710617738874254,0.0434975604432204,0.04325717979311864,0.04299110673889719,0.0427015396258914,0.042391172091660385,0.04206310812378635,0.04172076884027721,0.041367795718568474,0.04100795480338076,0.04064504592202355,0.04028282020780452,0.03992490837031978,0.03957476124748653,0.039235603309008035,0.03891039901696066,0.038601831327076355,0.0383122911532635,0.03804387631849655,0.03779839836366112,0.03757739555923634,0.03738215053518857,0.037213711083793025,0.03707291287208005,0.036960403002898226,0.03687666356858806,0.036822034536168224,0.0367967354793337,0.03680088582576033,0.03683452341640479,0.03689762127700783,0.03699010258259805
0.04892508288825187,0.04838803732903322,0.04789228922170968,0.04743693143072681,0.047021002940784894,0.04664347499933596,0.04630323625017278,0.045999077016287505,0.04572967297051945,0.04549356852757681,0.045289160399947535,0.04511468188065249,0.04496818854343174,0.04484754617911104,0.04475042190622606,0.044674279492345835,0.04461637998520788,0.04457378876309897,0.044543390054478646,0.04452190983129747,0.04450594773589757,0.044492018351112876,0.04447660166969697,0.04445620207670963,0.04442741455460666,0.04438699619667028,0.0443319405228794,0.044259551593589096,0.04416751457173042,0.044053959248005356,0.043917513154738616,0.043757341268809806,0.04357316993074808,0.04336529344476732,0.043134562806343583,0.042882357044210236,0.042610538668459895,0.04232139559569572,0.04201757260102536,0.04170199577454402,0.0413777936154771,0.04104821828878222,0.04071657023120961,0.04038612878009872,0.04006009087244372,0.03974151918946755,0.03943330046256132,0.03913811405799432,0.03885841045388661,0.03859639883220731,0.03835404273604823,0.038133062582163285,0.037934943757014894,0.03776094904307335,0.037612134200917496,0.037489365652412676,0.03739333935359553,0.037324600098541355,0.03728356064638487,0.03727052020494818,0.037285681931100705,0.03732916921737974,0.03740104062571402,0.037501303402807176
0.04959021611089074,0.04903791008244902,0.048525911504270595,0.04805325091221282,0.04761890721295948,0.047221795529306734,0.04686075435392414,0.04653453218620305,0.04624177389586471,0.04598100713628594,0.045750629218605066,0.045548894951915386,0.04537390605103127,0.04522360280541423,0.04509575878298733,0.044987979400989295,0.044897705221434166,0.04482222080896986,0.044758669911881425,0.044704077582143335,0.04465537963052462,0.044609459515762874,0.044563192397839714,0.044513495658131653,0.044457384726811475,0.044392032592512315,0.044314830940375645,0.04422345051561759,0.04411589808344467,0.04399056728917458,0.043846280839681284,0.04368232173714795,0.04349845178741974,0.04329491624678261,0.04307243421389586,0.04283217515648436,0.04257572271847257,0.042305027618468376,0.042022351971253,0.04173020770311214,0.04143129187243707,0.04112842165270078,0.040824471507792476,0.04052231472592178,0.04022477102232969,0.039934561419657,0.0396542711117857,0.039386320548996864,0.039132944576551205,0.03889617913211219,0.03867785476675555,0.038479596098258156,0.03830282622625345,0.03814877512491437,0.0380184910662836,0.03791285420210106,0.0378325915308101,0.03777829258794698,0.03775042531309506,0.037749351658036445,0.03777534260381665,0.03782859234615852,0.03790923148753678,0.03801733913994083
0.0502624408382305,0.04969481434516123,0.0491665920065143,0.0486767537077821,0.04822423078435434,0.047807895445305296,0.04742654976181666,0.04707891440027609,0.046763617338311074,0.046479182866965826,0.04622402125223545,0.04599641950153485,0.045794533751534645,0.04561638385794534,0.04545985081879674,0.04532267769287175,0.04520247467572304,0.04509672895837565,0.04500281991022588,0.04491803999127833,0.0448396216061221,0.04476476986358247,0.04469070090788491,0.04461468515181687,0.04453409438870153,0.0444464514129397,0.044349480467801114,0.04424115659539437,0.044119751817241655,0.043983876049386646,0.04383251076929926,0.04366503370683101,0.04348123321815319,0.04328131149611029,0.04306587633681862,0.042835921776255795,0.04259279848408851,0.04233817530911416,0.042073993772679945,0.041802417575923366,0.041525779310193384,0.04124652653859109,0.04096716926442178,0.04069023054400944,0.040418201667874264,0.04015350295926413,0.03989845085470501,0.03965523156554723,0.03942588129411232,0.03921227270750501,0.03901610716388693,0.038838912041173033,0.03868204243288804,0.03854668644299278,0.03843387332148247,0.03834448372535869,0.038279261455294304,0.038238826098028596,0.038223686090704666,0.038234251810006246,0.038270848371636364,0.03833372790140084,0.03842308110611814,0.038539048029970026
0.050942787079833754,0.05035982542269482,0.04981544813838158,0.04930859468447471,0.04883815962455499,0.04840298349390687,0.04800184343298608,0.04763344376628951,0.047296406752504266,0.04698926378412946,0.04671044736941913,0.04645828428394574,0.046230990329922096,0.04602666718427321,0.04584330184612202,0.045678769204923496,0.045530838235670584,0.045397182281254896,0.0452753937988115,0.045163003822941514,0.04505750623278112,0.04495638670404741,0.04485715598761575,0.04475738689359181,0.044654754089499024,0.04454707556229364,0.04443235436830179,0.04430881912546483,0.04417496160947313,0.04402956981619484,0.04387175495724441,0.043700971064816296,0.04351702618746062,0.0433200845420274,0.04311065942195265,0.04288959711606001,0.04265805253038802,0.042417457594949894,0.042169483849536823,0.04191600081735491,0.0416590318818599,0.04140070938025129,0.04114323052582356,0.04088881558747759,0.040639669510008386,0.04039794787746281,0.040165727827685765,0.03994498424039871,0.039737571260901175,0.03954520899896268,0.03936947506480946,0.03921180047376046,0.03907346936660386,0.03895562194989609,0.03885926005278778,0.03878525471758489,0.038734355282727735,0.0387071994723427,0.03870432406994697,0.038726175820263976,0.0387731222685361,0.038845462308376134,0.03894343626519907,0.03906723539155601
0.05163224095169231,0.05103396643092344,0.05047353633155082,0.04994985856312174,0.0494618001697753,0.04900817949697956,0.04858775828403039,0.04819923385222868,0.047841231597988594,0.04751229804158075,0.04721089472410795,0.04693539328535681,0.04668407209044321,0.04645511480009227,0.04624661129385974,0.04605656135312204,0.045882881486678996,0.045723415232095097,0.04557594718704727,0.04543822091498985,0.04530796072847137,0.045182897184152526,0.0450607959317713,0.044939489354017724,0.04481691022768451,0.04469112644326172,0.04456037565658404,0.04442309862857773,0.0442779699523328,0.044123924881958335,0.04396018107117395,0.04378625420115341,0.043601966719574906,0.04340744921210872,0.04320313426387357,0.042989743017946606,0.04276826497546343,0.042539931882898466,0.04230618679600801,0.04206864958146216,0.04182908020807393,0.041589341188715885,0.04135136046731411,0.04111709591418372,0.040888502412839776,0.04066750230973644,0.040455959772744764,0.040255659380709255,0.040068289058573625,0.039895427290413066,0.03973853439270204,0.0395989475152755,0.03947787895769877,0.039376417341790634,0.03929553116282702,0.03923607424752597,0.03919879267093358,0.03918433272157637,0.03919324954995131,0.03922601618548633,0.039283032658191046,0.03936463501078157,0.03947110403328087,0.039602673593801214
0.05233174536910366,0.051718209944955115,0.05114185481017985,0.050601563982631485,0.05009618485204243,0.04962452150839105,0.04918532811621763,0.04877730249370667,0.048399080086934186,0.04804922856197122,0.047726243269001156,0.047428543861251914,0.04715447237491897,0.046902293091478135,0.04667019450767473,0.046456293727677206,0.04625864356315068,0.046075242577507045,0.04590404823829236,0.04574299324578387,0.04559000498725184,0.04544302792788353,0.04530004859623637,0.045159122661777025,0.04501840344418781,0.04487617104993446,0.04473086121315618,0.04458109283710369,0.044425693199493334,0.0442637198078968,0.04409447797343923,0.043917533311706655,0.04373271857291798,0.043540134438286436,0.04334014418121924,0.04313336236298768,0.04292063799406951,0.042703032826639044,0.042481795635285126,0.04225833348055646,0.04203418102684258,0.0418109690010961,0.04159039283566563,0.04137418244492486,0.04116407395237525,0.04096178402514416,0.040768987299327014,0.040587297204684986,0.04041825033132818,0.040263294332398766,0.04012377923105285,0.04000095190030533,0.039895953411337164,0.03980981889858916,0.03974347956588431,0.039697766453552316,0.039673415598225674,0.03967107424071824,0.039691307769474944,0.03973460712418547,0.039801396423498045,0.03989204062012475,0.04000685302431221,0.04014610257149827
0.05304220128475143,0.05241348013345999,0.05182134675718693,0.05126466783471455,0.05074227773373912,0.05025297286693936,0.0497955061829596,0.04936858193810971,0.04897085091954024,0.048600906315355616,0.04825728045020421,0.047938442624641926,0.04764279831099243,0.04736868996524138,0.04711439971127266,0.04687815413802048,0.046658131419606765,0.046452470921434015,0.046259285390404734,0.0460766757448765,0.045902748380893706,0.04573563479845591,0.04557351322957825,0.0454146318247892,0.045257332834061324,0.0451000771105663,0.044941468180059486,0.0447802750637203,0.04461545302521104,0.04444616143871708,0.04427177804602399,0.04409190898603574,0.043906394134660166,0.04371530747833238,0.043518952449401474,0.043317852363047,0.04311273629946521,0.04290452095850716,0.04269428916529652,0.042483265815969014,0.0422727921174405,0.04206429899267321,0.041859280495576315,0.041659268012877164,0.04146580593182145,0.04128042933163558,0.04110464412299614,0.04093990992261605,0.04078762581767794,0.04064911905385914,0.040525636575903023,0.040418339264032044,0.04032829864415523,0.04025649580451453,0.04020382222468365,0.04017108221243347,0.04015899664717644,0.04016820774259392,0.04019928456278251,0.040252729053192306,0.04032898237748484,0.040428431382299256,0.04055141504228893,0.040698230766568
0.05376446933791678,0.05312065523697349,0.05251290373083657,0.05194006972506838,0.051400980111364375,0.050894429025476876,0.050419173303595174,0.04997392826912007,0.049557364001167704,0.04916810225464234,0.048804714218147784,0.04846571930893973,0.04814958521194464,0.04785472937079496,0.047579522131032656,0.04732229171733554,0.04708133119628288,0.0468549075326865,0.046641272790379135,0.04643867745794402,0.04624538579759143,0.046059693023809654,0.045879944021349255,0.045704553214497776,0.04553202510739348,0.04536097493485368,0.04519014880153688,0.04501844265044918,0.04484491939500327,0.04466882357548927,0.044489592962171094,0.04430686662194659,0.04412048908963164,0.04393051043197005,0.04373718215392057,0.043540949062777376,0.043342437365884064,0.04314243942219232,0.042941895688087296,0.04274187448718354,0.042543550288164686,0.042348181192917125,0.04215708632060189,0.041971623725676845,0.041793169414789666,0.04162309793566758,0.04146276490784577,0.04131349175739651,0.04117655281213504,0.0410531648154149,0.040944478829619525,0.04085157442747075,0.04077545601164938,0.04071705106115569,0.04067721007556503,0.04065670797440979,0.04065624670643996,0.0406764588303499,0.04071791184253916,0.04078111304653213,0.04086651478095278,0.04097451984684221,0.04110548699930917,0.04125973639201213
0.054499371801854345,0.053840570273648636,0.053217369215116724,0.05262861644921474,0.052073135987328184,0.0515497240728356,0.05105714546624862,0.050594130089915826,0.050159370165073935,0.04975151798754709,0.04936918449962609,0.049010938823441826,0.04867530892419473,0.04836078356854041,0.04806581573290916,0.047788827597298016,0.047528217231106555,0.04728236703826986,0.04704965397917924,0.0468284615272796,0.04661719325019024,0.046414287831009926,0.04621823526831188,0.04602759391720908,0.045841007963394166,0.04565722486222768,0.04547511223072704,0.04529367365623871,0.04511206288528568,0.044929595881875846,0.044745760297054855,0.04456022196940388,0.04437282817628438,0.044183607472882656,0.04399276608400713,0.04380068094469166,0.04360788961216451,0.04341507738619913,0.04322306207075972,0.04303277688216849,0.042845252054588105,0.042661595711267104,0.04248297456058165,0.042310594942017755,0.042145684692877466,0.04198947623661575,0.04184319121372243,0.041708026891354937,0.0415851445034872,0.04147565959342062,0.04138063435846422,0.04130107193476685,0.04123791251003586,0.041192031113663666,0.04116423690729334,0.041155273783208476,0.04116582207182323,0.041196501161438956,0.041247872841693005,0.041320445195140824,0.04141467687769802,0.04153098164690011,0.041669733016001034,0.04183126893093432
0.05524769473536025,0.05457401987782722,0.05393554221199612,0.053331106398066944,0.052759537337041425,0.05221963689409956,0.051710180890499974,0.05122991646847498,0.05077755994463005,0.05035179527691464,0.04995127327745769,0.04957461170752293,0.049220396390523315,0.048887183473401215,0.04857350295474287,0.048277863578891904,0.04799875916841801,0.047734676432301164,0.04748410424425231,0.04724554433542146,0.04701752328966575,0.046798605669550936,0.04658740803997888,0.04638261359695908,0.046182987055188224,0.045987389403564914,0.045794792106255325,0.04560429031174196,0.04541511463598888,0.04522664110996566,0.045038398926524524,0.04485007568583588,0.04466151991963828,0.04447274076851325,0.04428390478826369,0.04409532996559252,0.04390747712373746,0.043720938989871345,0.043536427272974354,0.04335475815966063,0.04317683667360149,0.04300364036070342,0.042836202757554065,0.04267559707663116,0.042522920501269636,0.042379279430052756,0.04224577594817961,0.04212349573659769,0.04201349756214516,0.04191680442702821,0.04183439639641864,0.0417672050708199,0.04171610962640003,0.04168193431231714,0.04166544726914724,0.04166736051636297,0.04168833094854294,0.041728962178513414,0.041789807069730706,0.04187137080865616,0.041974114379482605,0.04209845831725654,0.04224478663027211,0.042413450797809865
0.05601019026138129,0.05532176119574298,0.054668180804445014,0.05404829383047285,0.053460929121388584,0.05290489693726428,0.052378986541475554,0.05188196416607662,0.051412571451493284,0.05096952446672063,0.05055151342040354,0.050157203174365166,0.04978523466854415,0.049434227359131,0.04910278275925227,0.04878948915325978,0.048492927531178204,0.0482116787590762,0.04794433196434287,0.047689494072807675,0.047445800388538156,0.04721192605869041,0.04698659821712994,0.04676860855423784,0.046556826019174935,0.046350209327797307,0.04614781892715866,0.045948828058512484,0.04575253256673495,0.04555835912611664,0.04536587159053128,0.04517477522901579,0.04498491867367541,0.04479629348246948,0.04460903130098792,0.044423398690459956,0.0442397897694388,0.044058716889577354,0.043880799627857216,0.04370675242557311,0.04353737123632853,0.0433735195603861,0.04321611424117985,0.04306611138287762,0.042924492717670806,0.04279225271066485,0.042670386641896416,0.04255987985227112,0.04246169828612046,0.042376780410323604,0.04230603054079058,0.042250313563275674,0.04221045099815478,0.04218721832859686,0.04218134348863381,0.04219350639175003,0.0422243393712154,0.042274428399705376,0.04234431495690482,0.042434498418821964,0.042545438850530214,0.0426775600941274,0.04283125305508132,0.0430068791021542
0.05678757891018547,0.05608451677883599,0.05541600563644578,0.054780892968017025,0.054178014012723937,0.05360618957150022,0.053064224102156325,0.05255090418196674,0.05206499742327621,0.05160525193172193,0.0511703963986028,0.0507591409181464,0.05037017861634181,0.05000218817003972,0.04965383728268774,0.04932378716599394,0.04901069805482038,0.04871323575576698,0.04843007919857363,0.0481599289243557,0.04790151640685958,0.04765361406381955,0.04741504577687379,0.04718469770239184,0.046961529124154806,0.046744583074333226,0.046532996433681535,0.046326009217074776,0.04612297275771327,0.04592335652313749,0.04572675332851916,0.04553288275658285,0.04534159264726337,0.045152858581377714,0.04496678134820473,0.0447835824535802,0.04460359778947263,0.044427269644709666,0.04425513728665187,0.04408782638284631,0.043926037558463554,0.04377053439888241,0.04362213120722901,0.04348168081486537,0.043350062720266404,0.04322817180043478,0.043116907801276964,0.04301716577162665,0.042929827562213724,0.0428557544679848,0.0427957810516343,0.04275071014944784,0.042721309028632144,0.04270830663884161,0.04271239187985354,0.04273421279222793,0.04277437656797463,0.042833450273218304,0.0429119621739568,0.04301040355853198,0.043129230955657995,0.043268868654081055,0.04342971143853615,0.04361212746606592
0.057580551977259,0.05686297742879148,0.056179703270516405,0.05552958188185625,0.05491145681659693,0.05432416103509194,0.05376651542140719,0.053237327654634084,0.052735391507313,0.05225948664613336,0.05180837901036146,0.051380821841324635,0.050975557431313795,0.05059131965202664,0.050226837310843,0.04988083836757549,0.0495520550248193,0.049239229681792195,0.04894112171498227,0.048656515019677354,0.04838422621545652,0.04812311338718577,0.04787208520240804,0.04763011021786749,0.0473962261639511,0.04716954897776521,0.04694928134492445,0.046734720508202154,0.046525265108855005,0.046320420844074034,0.046119804751443824,0.045923147967706926,0.04573029685314375,0.04554121242256947,0.04535596807698602,0.04517474568372969,0.044997830104851366,0.0448256023209145,0.04465853133813543,0.04449716509900806,0.04434212063900792,0.044194073744018646,0.04405374836478147,0.04392190603652526,0.043799335535090966,0.04368684297681992,0.043585242539966644,0.04349534795229222,0.04341796485463672,0.04335388411536611,0.043303876137144655,0.04326868616670447,0.04324903059108014,0.043245594180741774,0.043259028221488,0.0432899494628916,0.043338939801340716,0.04340654660994268,0.04349328362529462,0.043599632301841794,0.04372604354768408,0.04387293976070461,0.044040717090256136,0.044229747856891224
0.058389773856855745,0.05765780495977824,0.05695992939490696,0.056295006152840985,0.055661888582178035,0.05505942298050741,0.05448644746244327,0.053941791164307855,0.053424273847320236,0.05293270596200953,0.05246588923568019,0.052022617841769855,0.05160168020451611,0.05120186148419753,0.050821946777121985,0.05046072505039172,0.0501169938143004,0.04978956451521676,0.04947726860935481,0.049178964253523624,0.04889354352358503,0.048619940045921746,0.04835713690289733,0.04810417465134705,0.0478601592748951,0.047624269877645925,0.04739576591969041,0.047173993794842245,0.04695839255868585,0.04674849863059518,0.04654394931666184,0.046344485030753856,0.04614995012709943,0.045960292298319945,0.045775560535902815,0.04559590169369549,0.04542155573704509,0.04525284979873352,0.04509019119610269,0.04493405959031007,0.04478499848750537,0.044643606292341265,0.04451052712658464,0.04438644162008402,0.04427205786877728,0.04416810273591033,0.04407531364950426,0.043994431022793684,0.04392619139630654,0.04387132137182486,0.04383053238087377,0.04380451630464053,0.043793941939106795,0.04379945227923148,0.043821662579554985,0.04386115913571138,0.04391849872195924,0.04399420861374812,0.0440887871212139,0.04420270455893701,0.04433640457889166,0.04449030579681439,0.04466480364681792,0.044860272404580175
0.05921588432118861,0.05846963485272586,0.057757311861988396,0.05707778229513489,0.05642991040243362,0.05581255663067645,0.05522457678097858,0.05466482148302825,0.05413213603797977,0.053625360682044904,0.053143331321148464,0.05268488078350388,0.05224884063139819,0.051834043565642286,0.0514393264459208,0.051063533937625576,0.05070552278074937,0.05036416665927501,0.05003836163057293,0.049727032054149,0.04942913693834284,0.04914367660308572,0.04886969953753043,0.04860630931427101,0.04835267140800716,0.048108019756866356,0.047871662900033515,0.04764298952653871,0.047421473277438744,0.04720667665731075,0.046998253930736845,0.046795952904707415,0.046599615527700505,0.04640917726938831,0.04622466528004091,0.04604619536417413,0.0458739678372014,0.04570826236526447,0.04554943191565611,0.045397895967190016,0.04525413314572359,0.04511867345934978,0.04499209031047914,0.04487499245840621,0.044768016096581216,0.04467181719453148,0.044587064236199535,0.04451443146550427,0.044454592727315057,0.04440821596884081,0.04437595844366286,0.04435846263911777,0.04435635292812691,0.04437023292936717,0.04440068354517638,0.044448261634932595,0.044513499272828966,0.04459690353285207,0.044698956740150085,0.04482011712655386,0.04496081982847389,0.04512147816739744,0.04530248515641688,0.04550421518032285
